m4id,m5id,spid,stkc,stkc_unit,tested_conc_unit,spid_legacy,chid,Substance_CASRN,chnm,code,aeid,aenm,resp_unit,nconc,npts,nrep,nmed_gtbl,hitc,modl,fitc,coff,bmad,gsid_rep,chit,flag_ids,flags,resp_max,resp_min,max_mean,max_mean_conc,max_med,max_med_conc,logc_max,logc_min,actp,modl_er,modl_tp,modl_ga,modl_gw,modl_la,modl_lw,modl_rmse,modl_prob,modl_acc,modl_acb,cnst,hill,hcov,gnls,gcov,cnst_er,cnst_aic,cnst_rmse,cnst_prob,hill_tp,hill_tp_sd,hill_ga,hill_ga_sd,hill_gw,hill_gw_sd,hill_er,hill_er_sd,hill_aic,hill_rmse,hill_prob,gnls_tp,gnls_tp_sd,gnls_ga,gnls_ga_sd,gnls_gw,gnls_gw_sd,gnls_la,gnls_la_sd,gnls_lw,gnls_lw_sd,gnls_er,gnls_er_sd,gnls_aic,gnls_rmse,gnls_prob
991331,825804,R1881,NA,NA,NA,NA,NA,NA,NA,NA,759,TOX21_AR_BLA_Agonist_ch1,percent_activity,16,12896,806,0,0,cnst,4,427.5121712,42.75121712,1,FALSE,NA,NA,469.3343318,-419.6297891,98.81773515,0.602059991,94.48849885,0.602059991,0.602059991,-6.522878745,0,4.138472648,NA,NA,NA,NA,NA,77.36982451,1,NA,NA,1,NA,NA,NA,NA,4.138472648,149033.5024,77.36982451,1,NA,NA,NA,NA,NA,NA,NA,NA,NA,NA,NA,NA,NA,NA,NA,NA,NA,NA,NA,NA,NA,NA,NA,NA,NA,NA
998871,833344,Tox21_300776,20,mM,uM,Tox21_300776,20005,60-35-5,Acetamide,C60355,759,TOX21_AR_BLA_Agonist_ch1,percent_activity,15,45,3,0,0,cnst,4,427.5121712,42.75121712,1,FALSE,NA,NA,67.76983163,-82.96060885,19.07514112,-2,7.076188409,-2.698970004,2.301029996,-2.698970004,0,3.276427308,NA,NA,NA,NA,NA,34.46637011,1,NA,NA,1,NA,NA,NA,NA,3.276427308,447.8377977,34.46637011,1,NA,NA,NA,NA,NA,NA,NA,NA,NA,NA,NA,NA,NA,NA,NA,NA,NA,NA,NA,NA,NA,NA,NA,NA,NA,NA
996906,831379,Tox21_201930,20,mM,uM,Tox21_201930,20006,103-90-2,Acetaminophen,C103902,759,TOX21_AR_BLA_Agonist_ch1,percent_activity,15,43,3,0,0,cnst,4,427.5121712,42.75121712,0,FALSE,NA,NA,146.7475258,-230.5646391,76.76498252,-2.301029996,77.79015089,-2.301029996,1.903089987,-3,0,3.93332237,NA,NA,NA,NA,NA,65.86341111,1,NA,NA,1,NA,NA,NA,NA,3.93332237,482.2518377,65.86341111,1,NA,NA,NA,NA,NA,NA,NA,NA,NA,NA,NA,NA,NA,NA,NA,NA,NA,NA,NA,NA,NA,NA,NA,NA,NA,NA
998198,832671,Tox21_300100,20,mM,uM,Tox21_300100,20006,103-90-2,Acetaminophen,C103902,759,TOX21_AR_BLA_Agonist_ch1,percent_activity,15,45,3,0,0,cnst,4,427.5121712,42.75121712,0,FALSE,NA,NA,136.585984,-108.988437,63.53774549,0.477121255,55.83518411,0.477121255,1.903089987,-3,0,3.818495751,NA,NA,NA,NA,NA,55.03067747,1,NA,NA,1,NA,NA,NA,NA,3.818495751,492.7331154,55.03067747,1,NA,NA,NA,NA,NA,NA,NA,NA,NA,NA,NA,NA,NA,NA,NA,NA,NA,NA,NA,NA,NA,NA,NA,NA,NA,NA
991728,826201,Tox21_110397,20,mM,uM,Tox21_110397,20006,103-90-2,Acetaminophen,C103902,759,TOX21_AR_BLA_Agonist_ch1,percent_activity,15,45,3,0,0,cnst,4,427.5121712,42.75121712,1,FALSE,NA,NA,98.1719779,-78.20794241,36.9987143,-1.22184875,34.45101401,-2.698970004,1.602059991,-3.301029996,0,3.391769375,NA,NA,NA,NA,NA,37.96536648,1,NA,NA,1,NA,NA,NA,NA,3.391769375,456.8405388,37.96536648,1,NA,NA,NA,NA,NA,NA,NA,NA,NA,NA,NA,NA,NA,NA,NA,NA,NA,NA,NA,NA,NA,NA,NA,NA,NA,NA
996998,831471,Tox21_202022,20,mM,uM,Tox21_202022,20007,968-81-0,Acetohexamide,C968810,759,TOX21_AR_BLA_Agonist_ch1,percent_activity,15,43,3,0,0,cnst,4,427.5121712,42.75121712,0,FALSE,NA,NA,130.8539242,-82.31584711,74.89041623,0.84509804,78.83928965,0.84509804,1.903089987,-3,0,3.755620392,NA,NA,NA,NA,NA,53.69461478,1,NA,NA,1,NA,NA,NA,NA,3.755620392,467.3432741,53.69461478,1,NA,NA,NA,NA,NA,NA,NA,NA,NA,NA,NA,NA,NA,NA,NA,NA,NA,NA,NA,NA,NA,NA,NA,NA,NA,NA
1000830,835303,Tox21_302735,20,mM,uM,Tox21_302735,20007,968-81-0,Acetohexamide,C968810,759,TOX21_AR_BLA_Agonist_ch1,percent_activity,15,45,3,0,0,cnst,4,427.5121712,42.75121712,0,FALSE,NA,NA,138.6610734,-38.75864088,88.38944753,-1,84.89122952,-2.698970004,1.903089987,-3,0,3.955726927,NA,NA,NA,NA,NA,60.05457677,1,NA,NA,1,NA,NA,NA,NA,3.955726927,502.8192636,60.05457677,1,NA,NA,NA,NA,NA,NA,NA,NA,NA,NA,NA,NA,NA,NA,NA,NA,NA,NA,NA,NA,NA,NA,NA,NA,NA,NA
991398,825871,Tox21_110067,20,mM,uM,Tox21_110067,20007,968-81-0,Acetohexamide,C968810,759,TOX21_AR_BLA_Agonist_ch1,percent_activity,15,45,3,0,0,cnst,4,427.5121712,42.75121712,1,FALSE,NA,NA,366.5084207,-0.642670904,171.9342326,-3.301029996,123.9205292,-3.301029996,1.602059991,-3.301029996,0,4.414639325,NA,NA,NA,NA,NA,103.5454929,1,NA,NA,1,NA,NA,NA,NA,4.414639325,546.6567686,103.5454929,1,NA,NA,NA,NA,NA,NA,NA,NA,NA,NA,NA,NA,NA,NA,NA,NA,NA,NA,NA,NA,NA,NA,NA,NA,NA,NA
997457,831930,Tox21_202481,20,mM,uM,Tox21_202481,20009,75-05-8,Acetonitrile,C75058,759,TOX21_AR_BLA_Agonist_ch1,percent_activity,15,45,3,0,0,cnst,4,427.5121712,42.75121712,1,FALSE,NA,NA,66.94297507,-57.46588265,26.60060462,0.84509804,31.10162098,0,1.903089987,-3,0,3.229269761,NA,NA,NA,NA,NA,29.97043126,1,NA,NA,1,NA,NA,NA,NA,3.229269761,439.073945,29.97043126,1,NA,NA,NA,NA,NA,NA,NA,NA,NA,NA,NA,NA,NA,NA,NA,NA,NA,NA,NA,NA,NA,NA,NA,NA,NA,NA
1000859,835332,Tox21_302764,20,mM,uM,Tox21_302764,20014,520-45-6,Dehydroacetic acid,C520456,759,TOX21_AR_BLA_Agonist_ch1,percent_activity,15,45,3,0,0,cnst,4,427.5121712,42.75121712,1,FALSE,NA,NA,98.59219997,-42.60408724,69.07265088,-1,83.39986687,-2.698970004,1.903089987,-3,0,3.782265661,NA,NA,NA,NA,NA,49.42247203,1,NA,NA,1,NA,NA,NA,NA,3.782265661,486.2476584,49.42247203,1,NA,NA,NA,NA,NA,NA,NA,NA,NA,NA,NA,NA,NA,NA,NA,NA,NA,NA,NA,NA,NA,NA,NA,NA,NA,NA
995045,829518,Tox21_200069,20,mM,uM,Tox21_200069,20015,114-83-0,1-Acetyl-2-phenylhydrazine,C114830,759,TOX21_AR_BLA_Agonist_ch1,percent_activity,15,45,3,0,0,cnst,4,427.5121712,42.75121712,1,FALSE,NA,NA,103.2752358,-48.71707932,91.02181805,1.477121255,94.09347018,1.477121255,1.903089987,-3,0,3.611743361,NA,NA,NA,NA,NA,45.93061461,1,NA,NA,1,NA,NA,NA,NA,3.611743361,475.4624963,45.93061461,1,NA,NA,NA,NA,NA,NA,NA,NA,NA,NA,NA,NA,NA,NA,NA,NA,NA,NA,NA,NA,NA,NA,NA,NA,NA,NA
999292,833765,Tox21_301197,20,mM,uM,Tox21_301197,20020,18699-02-0,4-Acetylaminophenylacetic acid,C18699020,759,TOX21_AR_BLA_Agonist_ch1,percent_activity,15,45,3,0,0,cnst,4,427.5121712,42.75121712,0,FALSE,NA,NA,47.41694411,-73.18538212,13.56597676,-2.301029996,23.43431684,-2.301029996,1.903089987,-3,0,3.230261941,NA,NA,NA,NA,NA,30.29885002,1,NA,NA,1,NA,NA,NA,NA,3.230261941,439.3300621,30.29885002,1,NA,NA,NA,NA,NA,NA,NA,NA,NA,NA,NA,NA,NA,NA,NA,NA,NA,NA,NA,NA,NA,NA,NA,NA,NA,NA
993151,827624,Tox21_111820,20,mM,uM,Tox21_111820,20020,18699-02-0,4-Acetylaminophenylacetic acid,C18699020,759,TOX21_AR_BLA_Agonist_ch1,percent_activity,15,45,3,0,0,cnst,4,427.5121712,42.75121712,1,FALSE,NA,NA,145.5327189,-126.0624966,63.64789972,-3,61.76836771,1.301029996,1.602059991,-3.301029996,0,4.232485708,NA,NA,NA,NA,NA,79.96495159,1,NA,NA,1,NA,NA,NA,NA,4.232485708,528.5186021,79.96495159,1,NA,NA,NA,NA,NA,NA,NA,NA,NA,NA,NA,NA,NA,NA,NA,NA,NA,NA,NA,NA,NA,NA,NA,NA,NA,NA
996054,830527,Tox21_201078,20,mM,uM,Tox21_201078,20021,616-91-1,N-Acetyl-L-cysteine,C616911,759,TOX21_AR_BLA_Agonist_ch1,percent_activity,15,45,3,0,0,cnst,4,427.5121712,42.75121712,0,FALSE,NA,NA,57.05638161,-17.54601326,40.95260887,-1.698970004,44.71270047,-1.698970004,1.903089987,-3,0,3.106187656,NA,NA,NA,NA,NA,26.36349186,1,NA,NA,1,NA,NA,NA,NA,3.106187656,427.7576927,26.36349186,1,NA,NA,NA,NA,NA,NA,NA,NA,NA,NA,NA,NA,NA,NA,NA,NA,NA,NA,NA,NA,NA,NA,NA,NA,NA,NA
992208,826681,Tox21_110877,20,mM,uM,Tox21_110877,20021,616-91-1,N-Acetyl-L-cysteine,C616911,759,TOX21_AR_BLA_Agonist_ch1,percent_activity,15,45,3,0,0,cnst,4,427.5121712,42.75121712,1,FALSE,NA,NA,99.21545646,-100.6791936,-0.983799325,1.602059991,2.552032005,-1.522878745,1.602059991,-3.301029996,0,3.609523847,NA,NA,NA,NA,NA,44.16485464,1,NA,NA,1,NA,NA,NA,NA,3.609523847,473.2995669,44.16485464,1,NA,NA,NA,NA,NA,NA,NA,NA,NA,NA,NA,NA,NA,NA,NA,NA,NA,NA,NA,NA,NA,NA,NA,NA,NA,NA
998855,833328,Tox21_300760,20,mM,uM,Tox21_300760,20022,50594-66-6,Acifluorfen,C50594666,759,TOX21_AR_BLA_Agonist_ch1,percent_activity,15,45,3,0,0,cnst,4,427.5121712,42.75121712,0,FALSE,NA,NA,83.07178189,-205.4055226,38.28969434,-0.22184875,46.68343335,-1.698970004,1.903089987,-3,0,3.667245785,NA,NA,NA,NA,NA,57.95824154,1,NA,NA,1,NA,NA,NA,NA,3.667245785,487.2583119,57.95824154,1,NA,NA,NA,NA,NA,NA,NA,NA,NA,NA,NA,NA,NA,NA,NA,NA,NA,NA,NA,NA,NA,NA,NA,NA,NA,NA
996815,831288,Tox21_201839,20,mM,uM,Tox21_201839,20022,50594-66-6,Acifluorfen,C50594666,759,TOX21_AR_BLA_Agonist_ch1,percent_activity,15,43,3,0,0,cnst,4,427.5121712,42.75121712,1,FALSE,NA,NA,53.3245216,-240.9951143,4.797470972,-1.22184875,-1.739504567,-2,1.903089987,-3,0,4.046674938,NA,NA,NA,NA,NA,75.26211415,1,NA,NA,1,NA,NA,NA,NA,4.046674938,493.6921539,75.26211415,1,NA,NA,NA,NA,NA,NA,NA,NA,NA,NA,NA,NA,NA,NA,NA,NA,NA,NA,NA,NA,NA,NA,NA,NA,NA,NA
995960,830433,Tox21_200984,20,mM,uM,Tox21_200984,20023,107-02-8,Acrolein,C107028,759,TOX21_AR_BLA_Agonist_ch1,percent_activity,15,45,3,0,0,cnst,4,427.5121712,42.75121712,1,FALSE,NA,NA,128.3408878,-57.90343991,49.05790912,-1,37.23960376,1.477121255,1.903089987,-3,0,3.083438812,NA,NA,NA,NA,NA,31.44229047,1,NA,NA,1,NA,NA,NA,NA,3.083438812,431.8617102,31.44229047,1,NA,NA,NA,NA,NA,NA,NA,NA,NA,NA,NA,NA,NA,NA,NA,NA,NA,NA,NA,NA,NA,NA,NA,NA,NA,NA
995205,829678,Tox21_200229,20,mM,uM,Tox21_200229,20024,3054-95-3,Acrolein diethylacetal,C3054953,759,TOX21_AR_BLA_Agonist_ch1,percent_activity,15,45,3,0,0,cnst,4,427.5121712,42.75121712,1,FALSE,NA,NA,46.86819316,-99.52965389,-4.365821813,1.903089987,-7.576902849,1.477121255,1.903089987,-3,0,3.865760594,NA,NA,NA,NA,NA,52.29399359,1,NA,NA,1,NA,NA,NA,NA,3.865760594,492.5812149,52.29399359,1,NA,NA,NA,NA,NA,NA,NA,NA,NA,NA,NA,NA,NA,NA,NA,NA,NA,NA,NA,NA,NA,NA,NA,NA,NA,NA
998243,832716,Tox21_300145,20,mM,uM,Tox21_300145,20027,79-06-1,Acrylamide,C79061,759,TOX21_AR_BLA_Agonist_ch1,percent_activity,15,45,3,3,0,hill,13,427.5121712,42.75121712,0,FALSE,8,"Multiple points above baseline, inactive",219.9519141,-71.96537889,120.0003274,1.301029996,163.3489827,1.477121255,1.903089987,-3,0.999991445,4.251224702,185.7732482,0.511625737,0.301721973,NA,NA,81.96622191,0.87411627,NA,1.66584696,1,1,1,1,1,4.566140753,559.4831823,113.390041,8.55E-06,185.7732482,178.6332895,0.511625737,3.113763251,0.301721973,0.264872657,4.251224702,0.13733918,536.4142762,81.96622191,0.87411627,228.1813914,NA,1.027823669,NA,0.300000002,NA,1.95605172,NA,14.06031467,NA,4.245013679,NA,540.2901215,82.27912726,0.125875175
996502,830975,Tox21_201526,20,mM,uM,Tox21_201526,20027,79-06-1,Acrylamide,C79061,759,TOX21_AR_BLA_Agonist_ch1,percent_activity,15,43,3,0,0,cnst,4,427.5121712,42.75121712,1,FALSE,NA,NA,124.4947197,-92.53347304,79.94734336,-3,79.94734336,-3,1.903089987,-3,0,3.990940959,NA,NA,NA,NA,NA,60.59789316,1,NA,NA,1,NA,NA,NA,NA,3.990940959,482.500102,60.59789316,1,NA,NA,NA,NA,NA,NA,NA,NA,NA,NA,NA,NA,NA,NA,NA,NA,NA,NA,NA,NA,NA,NA,NA,NA,NA,NA
1001046,835519,Tox21_302951,20,mM,uM,Tox21_302951,20029,107-13-1,Acrylonitrile,C107131,759,TOX21_AR_BLA_Agonist_ch1,percent_activity,15,45,3,0,0,cnst,4,427.5121712,42.75121712,0,FALSE,NA,NA,85.53414069,-70.66097189,41.46825074,-1.698970004,47.64742565,1.301029996,1.903089987,-3,0,3.413998622,NA,NA,NA,NA,NA,35.96310248,1,NA,NA,1,NA,NA,NA,NA,3.413998622,455.4110663,35.96310248,1,NA,NA,NA,NA,NA,NA,NA,NA,NA,NA,NA,NA,NA,NA,NA,NA,NA,NA,NA,NA,NA,NA,NA,NA,NA,NA
997052,831525,Tox21_202076,20,mM,uM,Tox21_202076,20029,107-13-1,Acrylonitrile,C107131,759,TOX21_AR_BLA_Agonist_ch1,percent_activity,15,43,3,0,0,cnst,4,427.5121712,42.75121712,1,FALSE,NA,NA,113.62231,-79.80354122,25.71412747,0.602059991,41.74776814,0.602059991,1.954242509,-3,0,3.511494325,NA,NA,NA,NA,NA,41.47607638,1,NA,NA,1,NA,NA,NA,NA,3.511494325,445.138968,41.47607638,1,NA,NA,NA,NA,NA,NA,NA,NA,NA,NA,NA,NA,NA,NA,NA,NA,NA,NA,NA,NA,NA,NA,NA,NA,NA,NA
997458,831931,Tox21_202482,20,mM,uM,Tox21_202482,20031,50-76-0,Actinomycin D,C50760,759,TOX21_AR_BLA_Agonist_ch1,percent_activity,15,45,3,0,0,cnst,4,427.5121712,42.75121712,0,FALSE,NA,NA,114.1831286,-196.4555977,23.31979278,-1.22184875,37.93957218,-1.22184875,1.602059991,-3.301029996,0,4.319180391,NA,NA,NA,NA,NA,85.35574491,1,NA,NA,1,NA,NA,NA,NA,4.319180391,535.0507085,85.35574491,1,NA,NA,NA,NA,NA,NA,NA,NA,NA,NA,NA,NA,NA,NA,NA,NA,NA,NA,NA,NA,NA,NA,NA,NA,NA,NA
993329,827802,Tox21_111997,20,mM,uM,Tox21_111997,20031,50-76-0,Actinomycin D,C50760,759,TOX21_AR_BLA_Agonist_ch1,percent_activity,15,45,3,0,0,cnst,4,427.5121712,42.75121712,1,FALSE,NA,NA,50.1040746,-112.7211878,13.89760053,-2.301029996,7.790327626,-2.301029996,1.602059991,-3.301029996,0,3.648613536,NA,NA,NA,NA,NA,46.06038546,1,NA,NA,1,NA,NA,NA,NA,3.648613536,476.9812749,46.06038546,1,NA,NA,NA,NA,NA,NA,NA,NA,NA,NA,NA,NA,NA,NA,NA,NA,NA,NA,NA,NA,NA,NA,NA,NA,NA,NA
995323,829796,Tox21_200347,20,mM,uM,Tox21_200347,20032,628-94-4,Adipamide,C628944,759,TOX21_AR_BLA_Agonist_ch1,percent_activity,15,45,3,0,0,cnst,4,427.5121712,42.75121712,1,FALSE,NA,NA,137.5979798,-31.8414049,67.84561438,-0.22184875,43.31935442,0.84509804,1.903089987,-3,0,3.78911974,NA,NA,NA,NA,NA,60.49888329,1,NA,NA,1,NA,NA,NA,NA,3.78911974,496.4683246,60.49888329,1,NA,NA,NA,NA,NA,NA,NA,NA,NA,NA,NA,NA,NA,NA,NA,NA,NA,NA,NA,NA,NA,NA,NA,NA,NA,NA
993057,827530,Tox21_111726,20,mM,uM,Tox21_111726,20038,22131-79-9,Alclofenac,C22131799,759,TOX21_AR_BLA_Agonist_ch1,percent_activity,15,45,3,0,0,cnst,4,427.5121712,42.75121712,1,FALSE,NA,NA,61.13573026,-108.9020728,14.89669692,-0.522878745,17.53797447,1.301029996,1.602059991,-3.301029996,0,3.893268356,NA,NA,NA,NA,NA,55.45398216,1,NA,NA,1,NA,NA,NA,NA,3.893268356,496.5504344,55.45398216,1,NA,NA,NA,NA,NA,NA,NA,NA,NA,NA,NA,NA,NA,NA,NA,NA,NA,NA,NA,NA,NA,NA,NA,NA,NA,NA
998270,832743,Tox21_300172,20,mM,uM,Tox21_300172,20040,309-00-2,Aldrin,C309002,759,TOX21_AR_BLA_Agonist_ch1,percent_activity,15,45,3,4,0,hill,13,427.5121712,42.75121712,0,FALSE,8,"Multiple points above baseline, inactive",301.206969,-53.06714432,190.2668729,1.903089987,161.3297573,0.477121255,1.903089987,-3,1,4.224761343,150.017794,-2.00692683,0.300000009,NA,NA,80.21357614,0.903699952,NA,0.560833675,1,1,1,1,1,4.804832231,577.9997778,136.5791025,3.40E-10,150.017794,NA,-2.00692683,NA,0.300000009,NA,4.224761343,NA,534.6006569,80.21357614,0.903699952,190.1705371,NA,-1.192592215,NA,0.300000001,NA,3.866918917,NA,0.300000017,NA,4.237990903,NA,539.0787141,80.89554937,0.096300047
997048,831521,Tox21_202072,20,mM,uM,Tox21_202072,20040,309-00-2,Aldrin,C309002,759,TOX21_AR_BLA_Agonist_ch1,percent_activity,15,43,3,0,0,cnst,4,427.5121712,42.75121712,1,FALSE,NA,NA,120.6604,-98.33277313,58.12831145,1.903089987,48.45793531,1.903089987,1.903089987,-3,0,3.866384723,NA,NA,NA,NA,NA,55.17660762,1,NA,NA,1,NA,NA,NA,NA,3.866384723,473.1868494,55.17660762,1,NA,NA,NA,NA,NA,NA,NA,NA,NA,NA,NA,NA,NA,NA,NA,NA,NA,NA,NA,NA,NA,NA,NA,NA,NA,NA
997063,831536,Tox21_202087,20,mM,uM,Tox21_202087,20043,97-59-6,Allantoin,C97596,759,TOX21_AR_BLA_Agonist_ch1,percent_activity,15,43,3,0,0,cnst,4,427.5121712,42.75121712,0,FALSE,NA,NA,128.9866857,-165.856334,-0.658529678,1.477121255,-0.87165218,1.903089987,1.903089987,-3,0,4.008135637,NA,NA,NA,NA,NA,66.29217647,1,NA,NA,1,NA,NA,NA,NA,4.008135637,487.1300508,66.29217647,1,NA,NA,NA,NA,NA,NA,NA,NA,NA,NA,NA,NA,NA,NA,NA,NA,NA,NA,NA,NA,NA,NA,NA,NA,NA,NA
1001007,835480,Tox21_302912,20,mM,uM,Tox21_302912,20043,97-59-6,Allantoin,C97596,759,TOX21_AR_BLA_Agonist_ch1,percent_activity,15,45,3,0,0,cnst,4,427.5121712,42.75121712,0,FALSE,NA,NA,117.460285,-42.74983466,61.02108824,0.84509804,71.82299296,1.903089987,1.903089987,-3,0,3.6673353,NA,NA,NA,NA,NA,48.76824322,1,NA,NA,1,NA,NA,NA,NA,3.6673353,480.4488729,48.76824322,1,NA,NA,NA,NA,NA,NA,NA,NA,NA,NA,NA,NA,NA,NA,NA,NA,NA,NA,NA,NA,NA,NA,NA,NA,NA,NA
991726,826199,Tox21_110395,20,mM,uM,Tox21_110395,20043,97-59-6,Allantoin,C97596,759,TOX21_AR_BLA_Agonist_ch1,percent_activity,15,45,3,0,0,cnst,4,427.5121712,42.75121712,1,FALSE,NA,NA,179.8325811,-61.55438726,89.92084496,-3.698970004,98.43720675,-3.698970004,1.301029996,-3.698970004,0,4.039665783,NA,NA,NA,NA,NA,66.15724867,1,NA,NA,1,NA,NA,NA,NA,4.039665783,510.8265052,66.15724867,1,NA,NA,NA,NA,NA,NA,NA,NA,NA,NA,NA,NA,NA,NA,NA,NA,NA,NA,NA,NA,NA,NA,NA,NA,NA,NA
1001593,836066,Tox21_303507,20,mM,uM,Tox21_303507,20044,107-18-6,Allyl alcohol,C107186,759,TOX21_AR_BLA_Agonist_ch1,percent_activity,15,45,3,0,0,cnst,4,427.5121712,42.75121712,0,FALSE,NA,NA,49.75143465,-109.5310813,-4.717175982,-1,-20.23514491,-1,1.903089987,-3,0,3.737265388,NA,NA,NA,NA,NA,47.46342794,1,NA,NA,1,NA,NA,NA,NA,3.737265388,482.0985539,47.46342794,1,NA,NA,NA,NA,NA,NA,NA,NA,NA,NA,NA,NA,NA,NA,NA,NA,NA,NA,NA,NA,NA,NA,NA,NA,NA,NA
995176,829649,Tox21_200200,20,mM,uM,Tox21_200200,20044,107-18-6,Allyl alcohol,C107186,759,TOX21_AR_BLA_Agonist_ch1,percent_activity,15,45,3,0,0,cnst,4,427.5121712,42.75121712,1,FALSE,NA,NA,23.97429526,-84.21382852,-2.971777041,-1.522878745,0.155232774,1.301029996,1.903089987,-3,0,3.352870565,NA,NA,NA,NA,NA,35.44450234,1,NA,NA,1,NA,NA,NA,NA,3.352870565,452.2788777,35.44450234,1,NA,NA,NA,NA,NA,NA,NA,NA,NA,NA,NA,NA,NA,NA,NA,NA,NA,NA,NA,NA,NA,NA,NA,NA,NA,NA
997225,831698,Tox21_202249,20,mM,uM,Tox21_202249,20047,57-06-7,Allyl isothiocyanate,C57067,759,TOX21_AR_BLA_Agonist_ch1,percent_activity,15,43,3,0,0,cnst,4,427.5121712,42.75121712,0,FALSE,NA,NA,163.2748765,-65.43801557,66.06336366,-2,40.36414454,1.301029996,1.903089987,-3,0,3.260173402,NA,NA,NA,NA,NA,37.86388142,1,NA,NA,1,NA,NA,NA,NA,3.260173402,427.1875468,37.86388142,1,NA,NA,NA,NA,NA,NA,NA,NA,NA,NA,NA,NA,NA,NA,NA,NA,NA,NA,NA,NA,NA,NA,NA,NA,NA,NA
1000985,835458,Tox21_302890,20,mM,uM,Tox21_302890,20047,57-06-7,Allyl isothiocyanate,C57067,759,TOX21_AR_BLA_Agonist_ch1,percent_activity,15,45,3,0,0,cnst,4,427.5121712,42.75121712,0,FALSE,NA,NA,106.8994931,-75.9697429,42.08208797,-2.698970004,53.62798998,-2.698970004,1.903089987,-3,0,3.275390148,NA,NA,NA,NA,NA,35.11136095,1,NA,NA,1,NA,NA,NA,NA,3.275390148,447.6730137,35.11136095,1,NA,NA,NA,NA,NA,NA,NA,NA,NA,NA,NA,NA,NA,NA,NA,NA,NA,NA,NA,NA,NA,NA,NA,NA,NA,NA
992496,826969,Tox21_111165,20,mM,uM,Tox21_111165,20047,57-06-7,Allyl isothiocyanate,C57067,759,TOX21_AR_BLA_Agonist_ch1,percent_activity,15,45,3,0,0,cnst,4,427.5121712,42.75121712,1,FALSE,NA,NA,155.3229425,-98.8458434,44.1091732,-2.301029996,18.18998381,-1.522878745,1.602059991,-3.301029996,0,3.312994645,NA,NA,NA,NA,NA,39.77921806,1,NA,NA,1,NA,NA,NA,NA,3.312994645,452.9629856,39.77921806,1,NA,NA,NA,NA,NA,NA,NA,NA,NA,NA,NA,NA,NA,NA,NA,NA,NA,NA,NA,NA,NA,NA,NA,NA,NA,NA
995629,830102,Tox21_200653,20,mM,uM,Tox21_200653,20053,17026-81-2,3-Amino-4-ethoxyacetanilide,C17026812,759,TOX21_AR_BLA_Agonist_ch1,percent_activity,15,45,3,0,0,cnst,4,427.5121712,42.75121712,1,FALSE,NA,NA,220.0571574,-76.21009349,86.32316716,-0.22184875,42.95453712,1.477121255,1.903089987,-3,0,4.033591203,NA,NA,NA,NA,NA,84.62558132,1,NA,NA,1,NA,NA,NA,NA,4.033591203,523.4479537,84.62558132,1,NA,NA,NA,NA,NA,NA,NA,NA,NA,NA,NA,NA,NA,NA,NA,NA,NA,NA,NA,NA,NA,NA,NA,NA,NA,NA
995462,829935,Tox21_200486,20,mM,uM,Tox21_200486,20054,6109-97-3,3-Amino-9-ethylcarbazole hydrochloride,C6109973,759,TOX21_AR_BLA_Agonist_ch1,percent_activity,15,45,3,0,0,cnst,4,427.5121712,42.75121712,1,FALSE,NA,NA,69.9612822,-133.7328075,18.52690813,-2.301029996,-3.685924733,-2.301029996,1.903089987,-3,0,3.865889869,NA,NA,NA,NA,NA,59.11052958,1,NA,NA,1,NA,NA,NA,NA,3.865889869,498.3201946,59.11052958,1,NA,NA,NA,NA,NA,NA,NA,NA,NA,NA,NA,NA,NA,NA,NA,NA,NA,NA,NA,NA,NA,NA,NA,NA,NA,NA
1001059,835532,Tox21_302964,20,mM,uM,Tox21_302964,20057,82-28-0,1-Amino-2-methylanthraquinone,C82280,759,TOX21_AR_BLA_Agonist_ch1,percent_activity,15,45,3,0,0,cnst,4,427.5121712,42.75121712,0,FALSE,NA,NA,124.6319479,-65.32368387,68.58356754,-2.698970004,92.60785545,-2.698970004,1.903089987,-3,0,3.328570191,NA,NA,NA,NA,NA,38.27750609,1,NA,NA,1,NA,NA,NA,NA,3.328570191,453.6481486,38.27750609,1,NA,NA,NA,NA,NA,NA,NA,NA,NA,NA,NA,NA,NA,NA,NA,NA,NA,NA,NA,NA,NA,NA,NA,NA,NA,NA
996657,831130,Tox21_201681,20,mM,uM,Tox21_201681,20057,82-28-0,1-Amino-2-methylanthraquinone,C82280,759,TOX21_AR_BLA_Agonist_ch1,percent_activity,15,88,6,0,0,cnst,4,427.5121712,42.75121712,1,FALSE,NA,NA,119.3785749,-309.0169895,49.3681095,-3,40.01613588,-3,1.903089987,-3,0,4.008171388,NA,NA,NA,NA,NA,75.05587781,1,NA,NA,1,NA,NA,NA,NA,4.008171388,1003.015395,75.05587781,1,NA,NA,NA,NA,NA,NA,NA,NA,NA,NA,NA,NA,NA,NA,NA,NA,NA,NA,NA,NA,NA,NA,NA,NA,NA,NA
998742,833215,Tox21_300647,20,mM,uM,Tox21_300647,20058,3775-55-1,"2-Amino-5-(5-nitro-2-furyl)-1,3,4-oxadiazole",C3775551,759,TOX21_AR_BLA_Agonist_ch1,percent_activity,15,45,3,0,0,cnst,4,427.5121712,42.75121712,1,FALSE,NA,NA,61.16013316,-66.71931656,30.45902018,-1.301029996,36.3452762,-1.301029996,1.903089987,-3,0,3.404447135,NA,NA,NA,NA,NA,33.8308014,1,NA,NA,1,NA,NA,NA,NA,3.404447135,452.3361669,33.8308014,1,NA,NA,NA,NA,NA,NA,NA,NA,NA,NA,NA,NA,NA,NA,NA,NA,NA,NA,NA,NA,NA,NA,NA,NA,NA,NA
1000883,835356,Tox21_302788,20,mM,uM,Tox21_302788,20062,99-57-0,2-Amino-4-nitrophenol,C99570,759,TOX21_AR_BLA_Agonist_ch1,percent_activity,15,45,3,0,0,cnst,4,427.5121712,42.75121712,0,FALSE,NA,NA,114.9546216,-86.94245196,63.27347935,0.84509804,75.41952455,-0.522878745,1.903089987,-3,0,3.714690119,NA,NA,NA,NA,NA,48.65757588,1,NA,NA,1,NA,NA,NA,NA,3.714690119,482.6856073,48.65757588,1,NA,NA,NA,NA,NA,NA,NA,NA,NA,NA,NA,NA,NA,NA,NA,NA,NA,NA,NA,NA,NA,NA,NA,NA,NA,NA
996327,830800,Tox21_201351,20,mM,uM,Tox21_201351,20062,99-57-0,2-Amino-4-nitrophenol,C99570,759,TOX21_AR_BLA_Agonist_ch1,percent_activity,15,43,3,0,0,cnst,4,427.5121712,42.75121712,1,FALSE,NA,NA,49.80217472,-163.0312314,25.36724027,-2.301029996,21.64020007,-0.522878745,1.903089987,-3,0,3.277020597,NA,NA,NA,NA,NA,41.41999172,1,NA,NA,1,NA,NA,NA,NA,3.277020597,432.3314049,41.41999172,1,NA,NA,NA,NA,NA,NA,NA,NA,NA,NA,NA,NA,NA,NA,NA,NA,NA,NA,NA,NA,NA,NA,NA,NA,NA,NA
1001775,836248,Tox21_400036,20,mM,uM,Tox21_400036,20063,121-88-0,2-Amino-5-nitrophenol,C121880,759,TOX21_AR_BLA_Agonist_ch1,percent_activity,15,626,42,0,0,cnst,4,427.5121712,42.75121712,1,FALSE,NA,NA,222.3973449,-352.6017771,15.91581462,-1.698970004,23.61397309,1.903089987,1.903089987,-3,0,3.587827533,NA,NA,NA,NA,NA,50.76182037,1,NA,NA,1,NA,NA,NA,NA,3.587827533,6591.175513,50.76182037,1,NA,NA,NA,NA,NA,NA,NA,NA,NA,NA,NA,NA,NA,NA,NA,NA,NA,NA,NA,NA,NA,NA,NA,NA,NA,NA
1001766,836239,Tox21_400027,20,mM,uM,Tox21_400027,20064,119-34-6,4-Amino-2-nitrophenol,C119346,759,TOX21_AR_BLA_Agonist_ch1,percent_activity,15,626,42,0,0,cnst,4,427.5121712,42.75121712,1,FALSE,NA,NA,196.8825568,-259.7480621,-4.993802155,-0.522878745,-6.356964073,-2,1.903089987,-3,0,3.785100482,NA,NA,NA,NA,NA,56.01516735,1,NA,NA,1,NA,NA,NA,NA,3.785100482,6807.718973,56.01516735,1,NA,NA,NA,NA,NA,NA,NA,NA,NA,NA,NA,NA,NA,NA,NA,NA,NA,NA,NA,NA,NA,NA,NA,NA,NA,NA
1001658,836131,Tox21_303575,20,mM,uM,Tox21_303575,20066,121-66-4,2-Amino-5-nitrothiazole,C121664,759,TOX21_AR_BLA_Agonist_ch1,percent_activity,15,45,3,0,0,cnst,4,427.5121712,42.75121712,0,FALSE,NA,NA,118.0812595,-84.95622606,53.81898231,-0.22184875,67.23667407,-0.22184875,1.903089987,-3,0,3.557820739,NA,NA,NA,NA,NA,44.68477334,1,NA,NA,1,NA,NA,NA,NA,3.557820739,471.5576376,44.68477334,1,NA,NA,NA,NA,NA,NA,NA,NA,NA,NA,NA,NA,NA,NA,NA,NA,NA,NA,NA,NA,NA,NA,NA,NA,NA,NA
997353,831826,Tox21_202377,20,mM,uM,Tox21_202377,20066,121-66-4,2-Amino-5-nitrothiazole,C121664,759,TOX21_AR_BLA_Agonist_ch1,percent_activity,15,43,3,0,0,cnst,4,427.5121712,42.75121712,1,FALSE,NA,NA,136.2334282,-113.611291,25.7510163,-1.22184875,18.72958576,1.477121255,1.903089987,-3,0,3.543824899,NA,NA,NA,NA,NA,49.15907927,1,NA,NA,1,NA,NA,NA,NA,3.543824899,454.5105696,49.15907927,1,NA,NA,NA,NA,NA,NA,NA,NA,NA,NA,NA,NA,NA,NA,NA,NA,NA,NA,NA,NA,NA,NA,NA,NA,NA,NA
998199,832672,Tox21_300101,20,mM,uM,Tox21_300101,20068,117-79-3,2-Aminoanthraquinone,C117793,759,TOX21_AR_BLA_Agonist_ch1,percent_activity,15,45,3,0,0,cnst,4,427.5121712,42.75121712,0,FALSE,NA,NA,141.7135911,-105.5278689,68.54626737,-2,87.23126683,-2,1.903089987,-3,0,3.947200556,NA,NA,NA,NA,NA,61.73598379,1,NA,NA,1,NA,NA,NA,NA,3.947200556,503.767891,61.73598379,1,NA,NA,NA,NA,NA,NA,NA,NA,NA,NA,NA,NA,NA,NA,NA,NA,NA,NA,NA,NA,NA,NA,NA,NA,NA,NA
996497,830970,Tox21_201521,20,mM,uM,Tox21_201521,20068,117-79-3,2-Aminoanthraquinone,C117793,759,TOX21_AR_BLA_Agonist_ch1,percent_activity,15,88,6,0,0,cnst,4,427.5121712,42.75121712,1,FALSE,NA,NA,190.4416274,-163.5850957,100.3104589,-2.698970004,106.5526919,-2.698970004,1.903089987,-3,0,4.280500981,NA,NA,NA,NA,NA,82.70517389,1,NA,NA,1,NA,NA,NA,NA,4.280500981,1038.031401,82.70517389,1,NA,NA,NA,NA,NA,NA,NA,NA,NA,NA,NA,NA,NA,NA,NA,NA,NA,NA,NA,NA,NA,NA,NA,NA,NA,NA
998398,832871,Tox21_300300,20,mM,uM,Tox21_300300,20069,97-56-3,2-Amino-5-azotoluene,C97563,759,TOX21_AR_BLA_Agonist_ch1,percent_activity,15,45,3,1,0,hill,13,427.5121712,42.75121712,0,FALSE,NA,NA,226.2574043,-121.949828,167.24363,1.903089987,150.2056692,1.903089987,1.903089987,-3,0.999938619,3.364131458,270.6772468,1.887245663,7.999999451,NA,NA,42.30063067,0.881300061,NA,1.881556636,1,1,1,1,1,3.577891813,485.5186784,60.3584179,6.14E-05,270.6772468,NA,1.887245663,NA,7.999999451,NA,3.364131458,NA,466.3745796,42.30063067,0.881300061,212.8517855,NA,1.849597847,NA,7.999958396,NA,3.814933113,NA,1.57137289,NA,3.364068265,NA,470.3852129,42.30837792,0.118638558
997237,831710,Tox21_202261,20,mM,uM,Tox21_202261,20069,97-56-3,2-Amino-5-azotoluene,C97563,759,TOX21_AR_BLA_Agonist_ch1,percent_activity,15,88,6,0,0,cnst,4,427.5121712,42.75121712,1,FALSE,NA,NA,203.5787916,-261.9458185,82.49741052,1.903089987,118.0411611,1.903089987,1.903089987,-3,0,4.216565564,NA,NA,NA,NA,NA,91.81940121,1,NA,NA,1,NA,NA,NA,NA,4.216565564,1041.601744,91.81940121,1,NA,NA,NA,NA,NA,NA,NA,NA,NA,NA,NA,NA,NA,NA,NA,NA,NA,NA,NA,NA,NA,NA,NA,NA,NA,NA
991412,825885,Tox21_110081,20,mM,uM,Tox21_110081,20070,60-32-2,6-Aminocaproic acid,C60322,759,TOX21_AR_BLA_Agonist_ch1,percent_activity,15,45,3,0,0,cnst,4,427.5121712,42.75121712,1,FALSE,NA,NA,53.72175891,-148.6489912,7.992370023,-0.522878745,26.28518343,-0.522878745,1.301029996,-3.698970004,0,3.4958742,NA,NA,NA,NA,NA,41.615005,1,NA,NA,1,NA,NA,NA,NA,3.4958742,464.1912538,41.615005,1,NA,NA,NA,NA,NA,NA,NA,NA,NA,NA,NA,NA,NA,NA,NA,NA,NA,NA,NA,NA,NA,NA,NA,NA,NA,NA
995352,829825,Tox21_200376,20,mM,uM,Tox21_200376,20071,92-67-1,4-Biphenylamine,C92671,759,TOX21_AR_BLA_Agonist_ch1,percent_activity,15,45,3,0,0,cnst,4,427.5121712,42.75121712,1,FALSE,NA,NA,41.39129212,-115.7137056,22.07392777,-0.522878745,22.82529699,-0.522878745,1.903089987,-3,0,3.146760831,NA,NA,NA,NA,NA,31.29037788,1,NA,NA,1,NA,NA,NA,NA,3.146760831,435.4538166,31.29037788,1,NA,NA,NA,NA,NA,NA,NA,NA,NA,NA,NA,NA,NA,NA,NA,NA,NA,NA,NA,NA,NA,NA,NA,NA,NA,NA
999068,833541,Tox21_300973,20,mM,uM,Tox21_300973,20072,2113-61-3,4-Biphenylamine hydrochloride,C2113613,759,TOX21_AR_BLA_Agonist_ch1,percent_activity,15,45,3,0,0,cnst,4,427.5121712,42.75121712,1,FALSE,NA,NA,89.69088291,-134.6924149,51.80460029,-0.522878745,62.96136827,-0.522878745,1.903089987,-3,0,3.650536016,NA,NA,NA,NA,NA,50.04233992,1,NA,NA,1,NA,NA,NA,NA,3.650536016,480.8519046,50.04233992,1,NA,NA,NA,NA,NA,NA,NA,NA,NA,NA,NA,NA,NA,NA,NA,NA,NA,NA,NA,NA,NA,NA,NA,NA,NA,NA
991488,825961,Tox21_110157,20,mM,uM,Tox21_110157,20074,60142-96-3,Gabapentin,C60142963,759,TOX21_AR_BLA_Agonist_ch1,percent_activity,15,45,3,0,0,cnst,4,427.5121712,42.75121712,1,FALSE,NA,NA,114.8029083,-41.34419552,55.49557464,-0.15490196,66.82968681,-2.301029996,1.301029996,-3.698970004,0,3.807543178,NA,NA,NA,NA,NA,53.98208772,1,NA,NA,1,NA,NA,NA,NA,3.807543178,491.6783166,53.98208772,1,NA,NA,NA,NA,NA,NA,NA,NA,NA,NA,NA,NA,NA,NA,NA,NA,NA,NA,NA,NA,NA,NA,NA,NA,NA,NA
1001086,835559,Tox21_302991,20,mM,uM,Tox21_302991,20076,61-82-5,Amitrole,C61825,759,TOX21_AR_BLA_Agonist_ch1,percent_activity,15,45,3,0,0,cnst,4,427.5121712,42.75121712,0,FALSE,NA,NA,90.25912302,-31.91868187,53.03170237,-1.698970004,58.00702448,-1.301029996,1.903089987,-3,0,3.436219783,NA,NA,NA,NA,NA,38.17768346,1,NA,NA,1,NA,NA,NA,NA,3.436219783,459.2014825,38.17768346,1,NA,NA,NA,NA,NA,NA,NA,NA,NA,NA,NA,NA,NA,NA,NA,NA,NA,NA,NA,NA,NA,NA,NA,NA,NA,NA
996758,831231,Tox21_201782,20,mM,uM,Tox21_201782,20076,61-82-5,Amitrole,C61825,759,TOX21_AR_BLA_Agonist_ch1,percent_activity,15,43,3,0,0,cnst,4,427.5121712,42.75121712,1,FALSE,NA,NA,121.5586643,-152.105036,44.7858389,-1.522878745,66.13981615,1.301029996,1.903089987,-3,0,3.756572677,NA,NA,NA,NA,NA,52.59723449,1,NA,NA,1,NA,NA,NA,NA,3.756572677,465.8799006,52.59723449,1,NA,NA,NA,NA,NA,NA,NA,NA,NA,NA,NA,NA,NA,NA,NA,NA,NA,NA,NA,NA,NA,NA,NA,NA,NA,NA
997754,832227,Tox21_202778,20,mM,uM,Tox21_202778,20079,3012-65-5,Ammonium citrate (2:1),C3012655,759,TOX21_AR_BLA_Agonist_ch1,percent_activity,15,45,3,0,0,cnst,4,427.5121712,42.75121712,1,FALSE,NA,NA,328.5115188,-234.8176105,124.5714283,-2.698970004,107.2560483,-1.397940009,0.698970004,-4.22184875,0,4.321583967,NA,NA,NA,NA,NA,103.8068525,1,NA,NA,1,NA,NA,NA,NA,4.321583967,544.192745,103.8068525,1,NA,NA,NA,NA,NA,NA,NA,NA,NA,NA,NA,NA,NA,NA,NA,NA,NA,NA,NA,NA,NA,NA,NA,NA,NA,NA
994200,828673,Tox21_112866,20,mM,uM,Tox21_112866,20081,57-43-2,Amobarbital,C57432,759,TOX21_AR_BLA_Agonist_ch1,percent_activity,15,45,3,0,0,cnst,4,427.5121712,42.75121712,1,FALSE,NA,NA,225.5764585,-40.59212904,92.87387349,-1.301029996,107.1872483,-1.301029996,1.903089987,-3,0,4.205381385,NA,NA,NA,NA,NA,85.90334077,1,NA,NA,1,NA,NA,NA,NA,4.205381385,530.1903887,85.90334077,1,NA,NA,NA,NA,NA,NA,NA,NA,NA,NA,NA,NA,NA,NA,NA,NA,NA,NA,NA,NA,NA,NA,NA,NA,NA,NA
996124,830597,Tox21_201148,20,mM,uM,Tox21_201148,20083,7177-48-2,Ampicillin trihydrate,C7177482,759,TOX21_AR_BLA_Agonist_ch1,percent_activity,15,45,3,0,0,cnst,4,427.5121712,42.75121712,1,FALSE,NA,NA,8.889954136,-73.84552917,-21.18810882,-2.698970004,-27.3178964,-2,1.903089987,-3,0,3.715177469,NA,NA,NA,NA,NA,44.07345354,1,NA,NA,1,NA,NA,NA,NA,3.715177469,478.1542622,44.07345354,1,NA,NA,NA,NA,NA,NA,NA,NA,NA,NA,NA,NA,NA,NA,NA,NA,NA,NA,NA,NA,NA,NA,NA,NA,NA,NA
996977,831450,Tox21_202001,20,mM,uM,Tox21_202001,20086,104-46-1,Anethole,C104461,759,TOX21_AR_BLA_Agonist_ch1,percent_activity,15,43,3,0,0,cnst,4,427.5121712,42.75121712,0,FALSE,NA,NA,104.7472698,-50.24002781,41.31702492,-1,43.32974101,-1,1.903089987,-3,0,3.485584055,NA,NA,NA,NA,NA,40.02994365,1,NA,NA,1,NA,NA,NA,NA,3.485584055,442.4923705,40.02994365,1,NA,NA,NA,NA,NA,NA,NA,NA,NA,NA,NA,NA,NA,NA,NA,NA,NA,NA,NA,NA,NA,NA,NA,NA,NA,NA
992470,826943,Tox21_111139,20,mM,uM,Tox21_111139,20086,104-46-1,Anethole,C104461,759,TOX21_AR_BLA_Agonist_ch1,percent_activity,15,45,3,0,0,cnst,4,427.5121712,42.75121712,1,FALSE,NA,NA,114.9719863,-92.85894186,29.89866121,-1.22184875,34.46999154,1.301029996,1.602059991,-3.301029996,0,3.689282909,NA,NA,NA,NA,NA,48.17728819,1,NA,NA,1,NA,NA,NA,NA,3.689282909,481.0434012,48.17728819,1,NA,NA,NA,NA,NA,NA,NA,NA,NA,NA,NA,NA,NA,NA,NA,NA,NA,NA,NA,NA,NA,NA,NA,NA,NA,NA
998230,832703,Tox21_300132,20,mM,uM,Tox21_300132,20087,4180-23-8,(E)-Anethole,C4180238,759,TOX21_AR_BLA_Agonist_ch1,percent_activity,15,45,3,0,0,cnst,4,427.5121712,42.75121712,0,FALSE,NA,NA,123.3952642,-57.88250766,38.22480109,0.477121255,25.88882654,1.903089987,1.903089987,-3,0,3.097095765,NA,NA,NA,NA,NA,33.16848881,1,NA,NA,1,NA,NA,NA,NA,3.097095765,434.2507275,33.16848881,1,NA,NA,NA,NA,NA,NA,NA,NA,NA,NA,NA,NA,NA,NA,NA,NA,NA,NA,NA,NA,NA,NA,NA,NA,NA,NA
997258,831731,Tox21_202282,20,mM,uM,Tox21_202282,20087,4180-23-8,(E)-Anethole,C4180238,759,TOX21_AR_BLA_Agonist_ch1,percent_activity,15,43,3,0,0,cnst,4,427.5121712,42.75121712,1,FALSE,NA,NA,64.0155868,-183.6524396,35.7103711,-3,35.7103711,-3,1.903089987,-3,0,3.17824425,NA,NA,NA,NA,NA,38.25969812,1,NA,NA,1,NA,NA,NA,NA,3.17824425,421.6041411,38.25969812,1,NA,NA,NA,NA,NA,NA,NA,NA,NA,NA,NA,NA,NA,NA,NA,NA,NA,NA,NA,NA,NA,NA,NA,NA,NA,NA
996423,830896,Tox21_201447,20,mM,uM,Tox21_201447,20088,15879-93-3,Chloralose,C15879933,759,TOX21_AR_BLA_Agonist_ch1,percent_activity,15,43,3,0,0,cnst,4,427.5121712,42.75121712,0,FALSE,NA,NA,37.382251,-137.31646,28.39545882,-3,28.39545882,-3,1.903089987,-3,0,3.065760359,NA,NA,NA,NA,NA,32.49991567,1,NA,NA,1,NA,NA,NA,NA,3.065760359,412.646813,32.49991567,1,NA,NA,NA,NA,NA,NA,NA,NA,NA,NA,NA,NA,NA,NA,NA,NA,NA,NA,NA,NA,NA,NA,NA,NA,NA,NA
1001092,835565,Tox21_302997,20,mM,uM,Tox21_302997,20088,15879-93-3,Chloralose,C15879933,759,TOX21_AR_BLA_Agonist_ch1,percent_activity,15,45,3,0,0,cnst,4,427.5121712,42.75121712,0,FALSE,NA,NA,89.58601306,-65.34210193,45.36516403,1.301029996,51.0411343,1.301029996,1.903089987,-3,0,3.416923161,NA,NA,NA,NA,NA,35.45053971,1,NA,NA,1,NA,NA,NA,NA,3.416923161,454.5871305,35.45053971,1,NA,NA,NA,NA,NA,NA,NA,NA,NA,NA,NA,NA,NA,NA,NA,NA,NA,NA,NA,NA,NA,NA,NA,NA,NA,NA
993039,827512,Tox21_111708,20,mM,uM,Tox21_111708,20088,15879-93-3,Chloralose,C15879933,759,TOX21_AR_BLA_Agonist_ch1,percent_activity,15,45,3,0,0,cnst,4,427.5121712,42.75121712,1,FALSE,NA,NA,129.4032514,-56.34251503,97.73118647,1.602059991,100.703811,1.602059991,1.602059991,-3.301029996,0,3.968593757,NA,NA,NA,NA,NA,60.86390836,1,NA,NA,1,NA,NA,NA,NA,3.968593757,504.2103664,60.86390836,1,NA,NA,NA,NA,NA,NA,NA,NA,NA,NA,NA,NA,NA,NA,NA,NA,NA,NA,NA,NA,NA,NA,NA,NA,NA,NA
999276,833749,Tox21_301181,20,mM,uM,Tox21_301181,20089,101-05-3,Anilazine,C101053,759,TOX21_AR_BLA_Agonist_ch1,percent_activity,15,45,3,0,0,cnst,4,427.5121712,42.75121712,1,FALSE,NA,NA,57.42117218,-118.0111377,18.45620358,-3,33.00510605,-3,1.903089987,-3,0,3.919704285,NA,NA,NA,NA,NA,55.4501663,1,NA,NA,1,NA,NA,NA,NA,3.919704285,497.6875886,55.4501663,1,NA,NA,NA,NA,NA,NA,NA,NA,NA,NA,NA,NA,NA,NA,NA,NA,NA,NA,NA,NA,NA,NA,NA,NA,NA,NA
995321,829794,Tox21_200345,20,mM,uM,Tox21_200345,20090,62-53-3,Aniline,C62533,759,TOX21_AR_BLA_Agonist_ch1,percent_activity,15,45,3,0,0,cnst,4,427.5121712,42.75121712,1,FALSE,NA,NA,157.203242,-19.93072374,88.45586257,0.84509804,97.91050291,0.84509804,1.903089987,-3,0,4.175656662,NA,NA,NA,NA,NA,76.91972151,1,NA,NA,1,NA,NA,NA,NA,4.175656662,524.0762667,76.91972151,1,NA,NA,NA,NA,NA,NA,NA,NA,NA,NA,NA,NA,NA,NA,NA,NA,NA,NA,NA,NA,NA,NA,NA,NA,NA,NA
1000964,835437,Tox21_302869,20,mM,uM,Tox21_302869,20091,142-04-1,Aniline hydrochloride,C142041,759,TOX21_AR_BLA_Agonist_ch1,percent_activity,15,45,3,0,0,cnst,4,427.5121712,42.75121712,0,FALSE,NA,NA,102.8334916,-104.4578567,44.38550283,0.84509804,55.8018182,0.477121255,1.903089987,-3,0,3.686514331,NA,NA,NA,NA,NA,46.89570865,1,NA,NA,1,NA,NA,NA,NA,3.686514331,479.6453115,46.89570865,1,NA,NA,NA,NA,NA,NA,NA,NA,NA,NA,NA,NA,NA,NA,NA,NA,NA,NA,NA,NA,NA,NA,NA,NA,NA,NA
997280,831753,Tox21_202304,20,mM,uM,Tox21_202304,20091,142-04-1,Aniline hydrochloride,C142041,759,TOX21_AR_BLA_Agonist_ch1,percent_activity,15,43,3,0,0,cnst,4,427.5121712,42.75121712,1,FALSE,NA,NA,74.23158026,-74.57580489,19.78784345,-2,19.7526359,0,1.903089987,-3,0,3.329277286,NA,NA,NA,NA,NA,32.8220327,1,NA,NA,1,NA,NA,NA,NA,3.329277286,427.6909896,32.8220327,1,NA,NA,NA,NA,NA,NA,NA,NA,NA,NA,NA,NA,NA,NA,NA,NA,NA,NA,NA,NA,NA,NA,NA,NA,NA,NA
1000902,835375,Tox21_302807,20,mM,uM,Tox21_302807,20092,134-29-2,2-Methoxyaniline hydrochloride,C134292,759,TOX21_AR_BLA_Agonist_ch1,percent_activity,15,45,3,0,0,cnst,4,427.5121712,42.75121712,0,FALSE,NA,NA,60.50480362,-84.03682416,33.16534698,-2.301029996,39.88410311,-2.301029996,1.903089987,-3,0,3.392034083,NA,NA,NA,NA,NA,34.83781563,1,NA,NA,1,NA,NA,NA,NA,3.392034083,453.0221215,34.83781563,1,NA,NA,NA,NA,NA,NA,NA,NA,NA,NA,NA,NA,NA,NA,NA,NA,NA,NA,NA,NA,NA,NA,NA,NA,NA,NA
996334,830807,Tox21_201358,20,mM,uM,Tox21_201358,20092,134-29-2,2-Methoxyaniline hydrochloride,C134292,759,TOX21_AR_BLA_Agonist_ch1,percent_activity,15,43,3,0,0,cnst,4,427.5121712,42.75121712,1,FALSE,NA,NA,58.68036979,-122.0776946,31.72471031,1.301029996,47.10249692,1.301029996,1.903089987,-3,0,3.486275626,NA,NA,NA,NA,NA,38.94106326,1,NA,NA,1,NA,NA,NA,NA,3.486275626,441.0078615,38.94106326,1,NA,NA,NA,NA,NA,NA,NA,NA,NA,NA,NA,NA,NA,NA,NA,NA,NA,NA,NA,NA,NA,NA,NA,NA,NA,NA
996474,830947,Tox21_201498,20,mM,uM,Tox21_201498,20093,20265-97-8,4-Methoxyaniline hydrochloride,C20265978,759,TOX21_AR_BLA_Agonist_ch1,percent_activity,15,43,3,1,0,gnls,24,427.5121712,42.75121712,0,FALSE,NA,NA,186.9450898,-28.86784282,122.6497006,1.903089987,131.7250527,1.903089987,1.903089987,-3,1,3.740593501,79.13437594,-4.80292798,4.109475498,3.51373179,16.71529822,50.93411028,0.951374048,NA,NA,1,1,1,1,0,4.458424747,522.2987566,95.83629864,4.21E-11,126.0993107,NA,-0.766602118,NA,0.3,NA,3.898409325,NA,480.5650618,57.95352528,0.048625952,79.13437594,NA,-4.80292798,NA,4.109475498,NA,3.51373179,NA,16.71529822,NA,3.740593501,NA,474.6175619,50.93411028,0.951374048
1001004,835477,Tox21_302909,20,mM,uM,Tox21_302909,20093,20265-97-8,4-Methoxyaniline hydrochloride,C20265978,759,TOX21_AR_BLA_Agonist_ch1,percent_activity,15,45,3,0,0,cnst,4,427.5121712,42.75121712,1,FALSE,NA,NA,121.3767503,-141.0113706,49.72884707,1.903089987,60.06426812,1.301029996,1.903089987,-3,0,3.89434948,NA,NA,NA,NA,NA,56.58170019,1,NA,NA,1,NA,NA,NA,NA,3.89434948,497.1778193,56.58170019,1,NA,NA,NA,NA,NA,NA,NA,NA,NA,NA,NA,NA,NA,NA,NA,NA,NA,NA,NA,NA,NA,NA,NA,NA,NA,NA
995679,830152,Tox21_200703,20,mM,uM,Tox21_200703,20094,118-92-3,Anthranilic acid,C118923,759,TOX21_AR_BLA_Agonist_ch1,percent_activity,15,45,3,0,0,cnst,4,427.5121712,42.75121712,0,FALSE,NA,NA,143.2909653,-73.85042482,59.56666517,-1,63.68040204,-1,1.903089987,-3,0,3.425404978,NA,NA,NA,NA,NA,43.73029852,1,NA,NA,1,NA,NA,NA,NA,3.425404978,463.959913,43.73029852,1,NA,NA,NA,NA,NA,NA,NA,NA,NA,NA,NA,NA,NA,NA,NA,NA,NA,NA,NA,NA,NA,NA,NA,NA,NA,NA
992426,826899,Tox21_111095,20,mM,uM,Tox21_111095,20094,118-92-3,Anthranilic acid,C118923,759,TOX21_AR_BLA_Agonist_ch1,percent_activity,15,45,3,0,0,cnst,4,427.5121712,42.75121712,1,FALSE,NA,NA,139.0566725,-95.40143751,67.43805347,0.301029996,102.3136329,0.301029996,1.602059991,-3.301029996,0,4.076850418,NA,NA,NA,NA,NA,69.7988708,1,NA,NA,1,NA,NA,NA,NA,4.076850418,515.3415834,69.7988708,1,NA,NA,NA,NA,NA,NA,NA,NA,NA,NA,NA,NA,NA,NA,NA,NA,NA,NA,NA,NA,NA,NA,NA,NA,NA,NA
992700,827173,Tox21_111369,20,mM,uM,Tox21_111369,20095,84-65-1,Anthraquinone,C84651,759,TOX21_AR_BLA_Agonist_ch1,percent_activity,15,45,3,0,0,cnst,4,427.5121712,42.75121712,1,FALSE,NA,NA,142.7742027,-166.2120401,44.75257069,-1.22184875,49.99661555,-1.22184875,1.602059991,-3.301029996,0,4.088897406,NA,NA,NA,NA,NA,73.79261715,1,NA,NA,1,NA,NA,NA,NA,4.088897406,518.4133248,73.79261715,1,NA,NA,NA,NA,NA,NA,NA,NA,NA,NA,NA,NA,NA,NA,NA,NA,NA,NA,NA,NA,NA,NA,NA,NA,NA,NA
995374,829847,Tox21_200398,20,mM,uM,Tox21_200398,20097,140-57-8,Aramite,C140578,759,TOX21_AR_BLA_Agonist_ch1,percent_activity,15,45,3,0,0,cnst,4,427.5121712,42.75121712,1,FALSE,NA,NA,122.3003261,-50.26700243,38.73795929,0.477121255,35.33011907,1.903089987,1.903089987,-3,0,3.272337898,NA,NA,NA,NA,NA,33.25032488,1,NA,NA,1,NA,NA,NA,NA,3.272337898,443.7220191,33.25032488,1,NA,NA,NA,NA,NA,NA,NA,NA,NA,NA,NA,NA,NA,NA,NA,NA,NA,NA,NA,NA,NA,NA,NA,NA,NA,NA
995002,829475,Tox21_200026,20,mM,uM,Tox21_200026,20099,10190-99-5,Sodium aristolochate-I,C10190995,759,TOX21_AR_BLA_Agonist_ch1,percent_activity,15,45,3,0,0,cnst,4,427.5121712,42.75121712,1,FALSE,NA,NA,121.6704562,-72.10631516,44.55692407,-2.301029996,50.21823793,-3,1.903089987,-3,0,3.780164622,NA,NA,NA,NA,NA,51.72787103,1,NA,NA,1,NA,NA,NA,NA,3.780164622,488.163203,51.72787103,1,NA,NA,NA,NA,NA,NA,NA,NA,NA,NA,NA,NA,NA,NA,NA,NA,NA,NA,NA,NA,NA,NA,NA,NA,NA,NA
995159,829632,Tox21_200183,20,mM,uM,Tox21_200183,20101,11096-82-5,Aroclor 1260,C11096825,759,TOX21_AR_BLA_Agonist_ch1,percent_activity,15,45,3,0,0,cnst,4,427.5121712,42.75121712,1,FALSE,NA,NA,43.68216618,-124.040066,34.53919215,-2.698970004,36.42517513,-2.698970004,1.84509804,-3.045757491,0,3.16034901,NA,NA,NA,NA,NA,32.8593307,1,NA,NA,1,NA,NA,NA,NA,3.16034901,437.9075179,32.8593307,1,NA,NA,NA,NA,NA,NA,NA,NA,NA,NA,NA,NA,NA,NA,NA,NA,NA,NA,NA,NA,NA,NA,NA,NA,NA,NA
993588,828061,Tox21_112255,20,mM,uM,Tox21_112255,20103,1327-53-3,Arsenic trioxide,C1327533,759,TOX21_AR_BLA_Agonist_ch1,percent_activity,15,45,3,0,0,cnst,4,427.5121712,42.75121712,1,FALSE,NA,NA,71.59179141,-108.1305135,59.61422898,1.602059991,69.22978502,1.602059991,1.602059991,-3.301029996,0,3.918023938,NA,NA,NA,NA,NA,55.56112966,1,NA,NA,1,NA,NA,NA,NA,3.918023938,497.73554,55.56112966,1,NA,NA,NA,NA,NA,NA,NA,NA,NA,NA,NA,NA,NA,NA,NA,NA,NA,NA,NA,NA,NA,NA,NA,NA,NA,NA
998651,833124,Tox21_300556,20,mM,uM,Tox21_300556,20105,134-03-2,Sodium L-ascorbate,C134032,759,TOX21_AR_BLA_Agonist_ch1,percent_activity,15,45,3,0,0,cnst,4,427.5121712,42.75121712,1,FALSE,NA,NA,68.864461,-57.45247995,19.57401286,0.477121255,25.10868334,1.477121255,1.903089987,-3,0,3.16104643,NA,NA,NA,NA,NA,29.00984536,1,NA,NA,1,NA,NA,NA,NA,3.16104643,434.8122269,29.00984536,1,NA,NA,NA,NA,NA,NA,NA,NA,NA,NA,NA,NA,NA,NA,NA,NA,NA,NA,NA,NA,NA,NA,NA,NA,NA,NA
993436,827909,Tox21_112104,20,mM,uM,Tox21_112104,20106,50-81-7,L-Ascorbic acid,C50817,759,TOX21_AR_BLA_Agonist_ch1,percent_activity,15,45,3,0,0,cnst,4,427.5121712,42.75121712,0,FALSE,NA,NA,118.4430264,-65.19943203,63.03167587,1.301029996,45.97332381,1.602059991,1.602059991,-3.301029996,0,3.495186808,NA,NA,NA,NA,NA,43.22532455,1,NA,NA,1,NA,NA,NA,NA,3.495186808,466.8767015,43.22532455,1,NA,NA,NA,NA,NA,NA,NA,NA,NA,NA,NA,NA,NA,NA,NA,NA,NA,NA,NA,NA,NA,NA,NA,NA,NA,NA
997103,831576,Tox21_202127,20,mM,uM,Tox21_202127,20106,50-81-7,L-Ascorbic acid,C50817,759,TOX21_AR_BLA_Agonist_ch1,percent_activity,15,43,3,0,0,cnst,4,427.5121712,42.75121712,0,FALSE,NA,NA,149.0086792,-136.9480253,45.97897505,-1.698970004,70.76081032,0.84509804,1.903089987,-3,0,3.771807968,NA,NA,NA,NA,NA,56.85053432,1,NA,NA,1,NA,NA,NA,NA,3.771807968,470.5008119,56.85053432,1,NA,NA,NA,NA,NA,NA,NA,NA,NA,NA,NA,NA,NA,NA,NA,NA,NA,NA,NA,NA,NA,NA,NA,NA,NA,NA
1001053,835526,Tox21_302958,20,mM,uM,Tox21_302958,20106,50-81-7,L-Ascorbic acid,C50817,759,TOX21_AR_BLA_Agonist_ch1,percent_activity,15,45,3,0,0,cnst,4,427.5121712,42.75121712,0,FALSE,NA,NA,63.72508343,-37.3017675,38.34994445,0.477121255,49.22861473,0.84509804,1.903089987,-3,0,3.226095054,NA,NA,NA,NA,NA,29.34918839,1,NA,NA,1,NA,NA,NA,NA,3.226095054,437.8287709,29.34918839,1,NA,NA,NA,NA,NA,NA,NA,NA,NA,NA,NA,NA,NA,NA,NA,NA,NA,NA,NA,NA,NA,NA,NA,NA,NA,NA
991646,826119,Tox21_110315,20,mM,uM,Tox21_110315,20106,50-81-7,L-Ascorbic acid,C50817,759,TOX21_AR_BLA_Agonist_ch1,percent_activity,15,45,3,0,0,cnst,4,427.5121712,42.75121712,1,FALSE,NA,NA,139.133793,-57.73202701,61.97897038,-1,51.39620534,-1,1.602059991,-3.301029996,0,3.371504728,NA,NA,NA,NA,NA,38.49346918,1,NA,NA,1,NA,NA,NA,NA,3.371504728,454.9645959,38.49346918,1,NA,NA,NA,NA,NA,NA,NA,NA,NA,NA,NA,NA,NA,NA,NA,NA,NA,NA,NA,NA,NA,NA,NA,NA,NA,NA
992790,827263,Tox21_111459,20,mM,uM,Tox21_111459,20107,22839-47-0,Aspartame,C22839470,759,TOX21_AR_BLA_Agonist_ch1,percent_activity,15,45,3,0,0,cnst,4,427.5121712,42.75121712,0,FALSE,NA,NA,208.5817273,-65.46170358,61.50841749,-2.698970004,52.50763249,0.477121255,1.602059991,-3.301029996,0,3.649587996,NA,NA,NA,NA,NA,53.54494865,1,NA,NA,1,NA,NA,NA,NA,3.649587996,481.8805535,53.54494865,1,NA,NA,NA,NA,NA,NA,NA,NA,NA,NA,NA,NA,NA,NA,NA,NA,NA,NA,NA,NA,NA,NA,NA,NA,NA,NA
997291,831764,Tox21_202315,20,mM,uM,Tox21_202315,20107,22839-47-0,Aspartame,C22839470,759,TOX21_AR_BLA_Agonist_ch1,percent_activity,15,43,3,0,0,cnst,4,427.5121712,42.75121712,0,FALSE,NA,NA,99.26448578,-73.90270194,15.9440485,-0.22184875,14.4321642,-1.698970004,1.903089987,-3,0,3.417083814,NA,NA,NA,NA,NA,35.61782709,1,NA,NA,1,NA,NA,NA,NA,3.417083814,434.6288255,35.61782709,1,NA,NA,NA,NA,NA,NA,NA,NA,NA,NA,NA,NA,NA,NA,NA,NA,NA,NA,NA,NA,NA,NA,NA,NA,NA,NA
1001060,835533,Tox21_302965,20,mM,uM,Tox21_302965,20107,22839-47-0,Aspartame,C22839470,759,TOX21_AR_BLA_Agonist_ch1,percent_activity,15,45,3,0,0,cnst,4,427.5121712,42.75121712,0,FALSE,NA,NA,86.74348769,-23.81372255,61.42152395,-0.522878745,65.33689894,0.477121255,1.84509804,-3.045757491,0,3.502920604,NA,NA,NA,NA,NA,40.0641092,1,NA,NA,1,NA,NA,NA,NA,3.502920604,464.5829015,40.0641092,1,NA,NA,NA,NA,NA,NA,NA,NA,NA,NA,NA,NA,NA,NA,NA,NA,NA,NA,NA,NA,NA,NA,NA,NA,NA,NA
992411,826884,Tox21_111080,20,mM,uM,Tox21_111080,20107,22839-47-0,Aspartame,C22839470,759,TOX21_AR_BLA_Agonist_ch1,percent_activity,15,45,3,0,0,cnst,4,427.5121712,42.75121712,1,FALSE,NA,NA,105.4313746,-47.68344048,59.03987018,0.301029996,76.97449095,0.301029996,1.602059991,-3.301029996,0,3.841064319,NA,NA,NA,NA,NA,54.57296881,1,NA,NA,1,NA,NA,NA,NA,3.841064319,493.6948156,54.57296881,1,NA,NA,NA,NA,NA,NA,NA,NA,NA,NA,NA,NA,NA,NA,NA,NA,NA,NA,NA,NA,NA,NA,NA,NA,NA,NA
997093,831566,Tox21_202117,20,mM,uM,Tox21_202117,20108,50-78-2,Aspirin,C50782,759,TOX21_AR_BLA_Agonist_ch1,percent_activity,15,43,3,0,0,cnst,4,427.5121712,42.75121712,0,FALSE,NA,NA,138.1325534,-101.8278626,37.70605863,-2.301029996,56.21335067,-2,1.903089987,-3,0,3.674487804,NA,NA,NA,NA,NA,49.76848304,1,NA,NA,1,NA,NA,NA,NA,3.674487804,460.4037597,49.76848304,1,NA,NA,NA,NA,NA,NA,NA,NA,NA,NA,NA,NA,NA,NA,NA,NA,NA,NA,NA,NA,NA,NA,NA,NA,NA,NA
998244,832717,Tox21_300146,20,mM,uM,Tox21_300146,20108,50-78-2,Aspirin,C50782,759,TOX21_AR_BLA_Agonist_ch1,percent_activity,15,45,3,0,0,cnst,4,427.5121712,42.75121712,0,FALSE,NA,NA,41.16740348,-59.13269521,12.49753712,0,8.919320434,0.84509804,1.903089987,-3,0,2.914563091,NA,NA,NA,NA,NA,23.35484092,1,NA,NA,1,NA,NA,NA,NA,2.914563091,413.4719637,23.35484092,1,NA,NA,NA,NA,NA,NA,NA,NA,NA,NA,NA,NA,NA,NA,NA,NA,NA,NA,NA,NA,NA,NA,NA,NA,NA,NA
991407,825880,Tox21_110076,20,mM,uM,Tox21_110076,20108,50-78-2,Aspirin,C50782,759,TOX21_AR_BLA_Agonist_ch1,percent_activity,15,45,3,0,0,cnst,4,427.5121712,42.75121712,1,FALSE,NA,NA,106.0322888,-28.37604525,64.87124647,-3,72.05492447,-3,1.602059991,-3.301029996,0,3.832227683,NA,NA,NA,NA,NA,49.45688362,1,NA,NA,1,NA,NA,NA,NA,3.832227683,488.3811353,49.45688362,1,NA,NA,NA,NA,NA,NA,NA,NA,NA,NA,NA,NA,NA,NA,NA,NA,NA,NA,NA,NA,NA,NA,NA,NA,NA,NA
992011,826484,Tox21_110680,20,mM,uM,Tox21_110680,20110,68844-77-9,Astemizole,C68844779,759,TOX21_AR_BLA_Agonist_ch1,percent_activity,15,45,3,0,0,cnst,4,427.5121712,42.75121712,0,TRUE,NA,NA,117.438031,-109.0338893,64.97818659,-1.22184875,77.2156498,-1.22184875,1.602059991,-3.301029996,0,3.844740905,NA,NA,NA,NA,NA,53.90992169,1,NA,NA,1,NA,NA,NA,NA,3.844740905,493.0868358,53.90992169,1,NA,NA,NA,NA,NA,NA,NA,NA,NA,NA,NA,NA,NA,NA,NA,NA,NA,NA,NA,NA,NA,NA,NA,NA,NA,NA
995071,829544,Tox21_200095,20,mM,uM,Tox21_200095,20110,68844-77-9,Astemizole,C68844779,759,TOX21_AR_BLA_Agonist_ch1,percent_activity,15,45,3,2,1,hill,37,427.5121712,42.75121712,1,TRUE,11,Borderline active,487.6646318,-95.62310287,445.6732507,1.77815125,444.2369578,1.77815125,1.77815125,-3.096910013,1,3.064976478,448.170217,1.520350791,7.999984307,NA,NA,28.38579097,0.880801071,1.68483352,1.47072982,1,1,1,1,0,3.610711802,514.715249,123.7923004,2.38E-18,448.170217,19.5953848,1.520350791,0.016040837,7.999984307,2.726297737,3.064976478,0.138165547,433.8065554,28.38579097,0.880801071,448.0024229,NA,1.520319258,NA,7.99999402,NA,3.77790246,NA,5.634280843,NA,3.065002123,NA,437.8066315,28.38635084,0.119198929
999116,833589,Tox21_301021,20,mM,uM,Tox21_301021,20112,1912-24-9,Atrazine,C1912249,759,TOX21_AR_BLA_Agonist_ch1,percent_activity,15,45,3,0,0,cnst,4,427.5121712,42.75121712,0,FALSE,NA,NA,72.56557104,-63.01617747,52.4227156,1.477121255,52.4691337,1.477121255,1.903089987,-3,0,3.44621963,NA,NA,NA,NA,NA,36.76885818,1,NA,NA,1,NA,NA,NA,NA,3.44621963,458.169303,36.76885818,1,NA,NA,NA,NA,NA,NA,NA,NA,NA,NA,NA,NA,NA,NA,NA,NA,NA,NA,NA,NA,NA,NA,NA,NA,NA,NA
996962,831435,Tox21_201986,20,mM,uM,Tox21_201986,20112,1912-24-9,Atrazine,C1912249,759,TOX21_AR_BLA_Agonist_ch1,percent_activity,15,43,3,0,0,cnst,4,427.5121712,42.75121712,1,FALSE,NA,NA,140.5055681,-229.7504708,66.23185858,-1,61.58050259,-1,1.903089987,-3,0,3.711362625,NA,NA,NA,NA,NA,60.67158185,1,NA,NA,1,NA,NA,NA,NA,3.711362625,468.9658071,60.67158185,1,NA,NA,NA,NA,NA,NA,NA,NA,NA,NA,NA,NA,NA,NA,NA,NA,NA,NA,NA,NA,NA,NA,NA,NA,NA,NA
